file,line,function,add_func,symbol,args,guards
MoM/src/AdvsrScr.c,705,Powergraph_Screen,Add_Hidden_Field,full_screen_ESC_field,"SCREEN_XMIN, SCREEN_YMIN, SCREEN_XMAX, SCREEN_YMAX, str_hotkey_ESC__ovr076[0], ST_UNDEFINED",
MoM/src/AdvsrScr.c,1042,Status_Screen,Add_Hidden_Field,full_screen_ESC_field,"SCREEN_XMIN, SCREEN_YMIN, SCREEN_XMAX, SCREEN_YMAX, str_hotkey_ESC__ovr076[0], ST_UNDEFINED",
MoM/src/AdvsrScr.c,1223,Cartographer_Screen__WIP,Add_Hidden_Field,hotkey_next,"285, 180, 314, 199, str_hotkey_N__ovr076[0], ST_UNDEFINED",
MoM/src/AdvsrScr.c,1225,Cartographer_Screen__WIP,Add_Hidden_Field,hotkey_close,"265, 143, 299, 169, str_hotkey_C__ovr076[0], ST_UNDEFINED",
MoM/src/AdvsrScr.c,1227,Cartographer_Screen__WIP,Add_Hot_Key,hotkey_escape,str_hotkey_ESC__ovr076[0],
MoM/src/AdvsrScr.c,1230,Cartographer_Screen__WIP,Add_Grid_Field,cartograph_dot_grid,"m_cartograph_x, m_cartograph_y, 4, 4, WORLD_WIDTH, WORLD_HEIGHT, &grid_column, &grid_row, ST_UNDEFINED",
MoM/src/ArmyList.c,245,ArmyList_Screen,Add_Button_Field,button_armylist_items,"273, 163, """", armylist_items_button_seg, cnst_HOTKEY_I_2, ST_UNDEFINED",
MoM/src/ArmyList.c,247,ArmyList_Screen,Add_Button_Field,button_armylist_ok,"273, 182, """", armylist_ok_button_seg, cnst_HOTKEY_O_4, ST_UNDEFINED",
MoM/src/ArmyList.c,249,ArmyList_Screen,Add_Hot_Key,hotkey_esc_fld,cnst_HOTKEY_Esc5,
MoM/src/ArmyList.c,254,ArmyList_Screen,Add_Hot_Key,hotkey_U,cnst_HOTKEY_U_3,
MoM/src/ArmyList.c,255,ArmyList_Screen,Add_Button_Field,button_armylist_up_right,"250, 26, """", armylist_up_button_seg, armylist_hotkey_NUL, ST_UNDEFINED",
MoM/src/ArmyList.c,256,ArmyList_Screen,Add_Button_Field,button_armylist_up_left,"60, 26, """", armylist_up_button_seg, armylist_hotkey_NUL, ST_UNDEFINED",
MoM/src/ArmyList.c,268,ArmyList_Screen,Add_Hot_Key,hotkey_D,cnst_HOTKEY_D_3,
MoM/src/ArmyList.c,269,ArmyList_Screen,Add_Button_Field,button_armylist_down_right,"250, 139, """", armylist_down_button_seg, armylist_hotkey_NUL, ST_UNDEFINED",
MoM/src/ArmyList.c,270,ArmyList_Screen,Add_Button_Field,button_armylist_down_left,"60, 139, """", armylist_down_button_seg, armylist_hotkey_NUL, ST_UNDEFINED",
MoM/src/ArmyList.c,805,ArmyList_Add_List_Fields,Add_Hidden_Field,m_armies_list_fields[m_armies_list_field_count],"x1, y1, x2, y2, armylist_hotkey_NUL, ST_UNDEFINED",
MoM/src/ArmyList.c,821,ArmyList_Add_List_Fields,Add_Hidden_Field,,"x1, y1, x2, y2, armylist_hotkey_NUL, ST_UNDEFINED",
MoM/src/ArmyList.c,840,ArmyList_Add_List_Fields,Add_Hidden_Field,armylist_hero_portrait_fields[itr_num_hero_portrait],"x1, y1, x2, y2, armylist_hotkey_NUL, ST_UNDEFINED",
MoM/src/CMBTTST.c,79,Combat_Screen_TST_001,Add_Hidden_Field,hotkey_ESC_field,"SCREEN_XMIN, SCREEN_YMIN, SCREEN_XMAX, SCREEN_YMAX, 0, ST_UNDEFINED",
MoM/src/CMBTTST.c,167,Combat_Screen_TST_002,Add_Hidden_Field,hotkey_ESC_field,"SCREEN_XMIN, SCREEN_YMIN, SCREEN_XMAX, SCREEN_YMAX, 0, ST_UNDEFINED",
MoM/src/CMBTTST.c,258,Combat_Screen_TST_003,Add_Hidden_Field,hotkey_ESC_field,"SCREEN_XMIN, SCREEN_YMIN, SCREEN_XMAX, SCREEN_YMAX, 0, ST_UNDEFINED",
MoM/src/CMBTTST.c,403,Combat_Screen_TST_004,Add_Hidden_Field,hotkey_ESC_field,"SCREEN_XMIN, SCREEN_YMIN, SCREEN_XMAX, SCREEN_YMAX, 0, ST_UNDEFINED",
MoM/src/CityList.c,183,CityList_Screen,Add_Button_Field,button_citylist_ok,"239, 182, """", citylist_ok_button_seg, str_citylist_O, ST_UNDEFINED",
MoM/src/CityList.c,184,CityList_Screen,Add_Hot_Key,hotkey_ESC,str_citylist_ESC,
MoM/src/CityList.c,192,CityList_Screen,Add_Hot_Key,hotkey_U,str_citylist_U,
MoM/src/CityList.c,193,CityList_Screen,Add_Button_Field,citylist_up_button_left,"11, 26, """", citylist_up_button_seg, emptystring__ovr065, ST_UNDEFINED",
MoM/src/CityList.c,194,CityList_Screen,Add_Button_Field,citylist_up_button_right,"299, 26, """", citylist_up_button_seg, emptystring__ovr065, ST_UNDEFINED",
MoM/src/CityList.c,209,CityList_Screen,Add_Hot_Key,hotkey_D,str_citylist_D,
MoM/src/CityList.c,210,CityList_Screen,Add_Button_Field,citylist_down_button_left,"11, 139, """", citylist_down_button_seg, emptystring__ovr065, ST_UNDEFINED",
MoM/src/CityList.c,211,CityList_Screen,Add_Button_Field,citylist_down_button_right,"299, 139, """", citylist_down_button_seg, emptystring__ovr065, ST_UNDEFINED",
MoM/src/CityList.c,687,CityList_Add_List_Fields,Add_Hidden_Field,m_cities_list_fields[m_cities_list_field_count],"x1, y1, x2, y2, emptystring__ovr065, ST_UNDEFINED",
MoM/src/CityScr.c,347,City_Screen__WIP,Add_Hot_Key,hotkey_X,'X',
MoM/src/CityScr.c,1482,City_Screen_Add_Fields__WIP,Add_Hidden_Field,g_unit_window_fields[itr_stack],"(x1 - 1), (y1 - 1), (x2 - 2), (y2 - 2), emptystring__ovr054[0], ST_UNDEFINED",
MoM/src/CityScr.c,1522,Cityscape_Add_Fields,Add_Hidden_Field,,"x1, y1, x2, y2, emptystring__ovr054[0], ST_UNDEFINED",
MoM/src/CityScr.c,1538,City_Screen_Add_Fields_Production_Window,Add_Button_Field,city_screen_buy_button,"214, 188, """", city_buy_button_seg, 'B', ST_UNDEFINED",
MoM/src/CityScr.c,1542,City_Screen_Add_Fields_Production_Window,Add_Button_Field,city_screen_change_button,"247, 188, """", city_change_button_seg, 'C', ST_UNDEFINED",
MoM/src/CityScr.c,1545,City_Screen_Add_Fields_Production_Window,Add_Button_Field,city_screen_ok_button,"286, 188, """", city_ok_button_seg, 'O', ST_UNDEFINED",
MoM/src/CityScr.c,1548,City_Screen_Add_Fields_Production_Window,Add_Hot_Key,city_screen_esc_hotkey,'\x1B',
MoM/src/City_ovr55.c,244,Enemy_City_Screen,Add_Hidden_Field,m_troop_fields[itr_troops],"x1, y1, (x1 + 19), (y1 + 18), str_empty_string__ovr055[0], ST_UNDEFINED",
MoM/src/City_ovr55.c,247,Enemy_City_Screen,Add_Hidden_Field,full_screen_ESC_field,"SCREEN_XMIN, SCREEN_YMIN, SCREEN_XMAX, SCREEN_YMAX, str_hotkey_ESC__ovr055[0], ST_UNDEFINED",
MoM/src/City_ovr55.c,249,Enemy_City_Screen,Add_Hot_Key,hotkey_X,str_hotkey_X__ovr055[0],
MoM/src/City_ovr55.c,1513,City_Screen_Add_Fields_Resource_Window,Add_Hidden_Field,city_resources_rows_fields[0],"xstart, (ystart + (itr_resource_types * 8)), xpos, (ystart + (itr_resource_types * 8) + 7), str_empty_string__ovr055[0], ST_UNDEFINED",
MoM/src/City_ovr55.c,1527,City_Screen_Add_Fields_Resource_Window,Add_Hidden_Field,city_resources_rows_fields[1],"group_two_x1, (ystart + (itr_resource_types * 8)), 132, (ystart + (itr_resource_types * 8) + 7), str_empty_string__ovr055[0], ST_UNDEFINED",
MoM/src/City_ovr55.c,1551,City_Screen_Add_Fields_Resource_Window,Add_Hidden_Field,city_resources_rows_fields[3],"xstart, (ystart + (itr_resource_types * 8)), xpos, (ystart + (itr_resource_types * 8) + 7), str_empty_string__ovr055[0], ST_UNDEFINED",
MoM/src/City_ovr55.c,1568,City_Screen_Add_Fields_Resource_Window,Add_Hidden_Field,city_resources_rows_fields[4],"group_two_x1, (ystart + (itr_resource_types * 8)), 132, (ystart + (itr_resource_types * 8) + 7), str_empty_string__ovr055[0], ST_UNDEFINED",
MoM/src/City_ovr55.c,1596,City_Screen_Add_Fields_Resource_Window,Add_Hidden_Field,city_resources_rows_fields[city_resource_row_field_idx],"xstart, (ystart + (itr_resource_types * 8)), 132, (ystart + (itr_resource_types * 8) + 7), 0, ST_UNDEFINED",
MoM/src/City_ovr55.c,1689,City_Screen_Draw_Resource_Icons,Add_Hidden_Field,city_resources_rows_fields[3],"xstart, (ystart + (itr_resource_types * 8)), xpos, (ystart + (itr_resource_types * 8) + 7), str_empty_string__ovr055[0], ST_UNDEFINED",
MoM/src/City_ovr55.c,2066,City_Add_Fields_City_Enchantments,Add_Button_Field,city_up_button,"(xstart + 62), (ystart - 1), str_empty_string__ovr055, city_spell_up_arrow_button_seg, str_empty_string__ovr055[0], ST_UNDEFINED",
MoM/src/City_ovr55.c,2067,City_Add_Fields_City_Enchantments,Add_Button_Field,city_dn_button,"(xstart + 62), (ystart + 34), str_empty_string__ovr055, city_spell_dn_arrow_button_seg, str_empty_string__ovr055[0], ST_UNDEFINED",
MoM/src/City_ovr55.c,2089,City_Add_Fields_City_Enchantments,Add_Hidden_Field,city_enchantment_fields[itr],"xstart, (ystart + (itr * 7)), (xstart + 60), (ystart + (itr * 7) + 6), 0, ST_UNDEFINED",
MoM/src/City_ovr55.c,2252,City_Screen_Add_Fields_Population_Row,Add_Hidden_Field,city_population_row_fields[itr_figures],"x1, y1, x2, y2, str_empty_string__ovr055[0], ST_UNDEFINED",
MoM/src/City_ovr55.c,2582,Resource_Breakdown__STUB,Add_Hidden_Field,var_8,"217, 166, 240, 175, str_hotkey_M__ovr055[0], ST_UNDEFINED",
MoM/src/City_ovr55.c,2586,Resource_Breakdown__STUB,Add_Hidden_Field,var_6,"SCREEN_XMIN, SCREEN_YMIN, SCREEN_XMAX, SCREEN_YMAX, str_hotkey_ESC__ovr055[0], ST_UNDEFINED",
MoM/src/Combat.c,1673,Combat_Screen__WIP,Add_Hidden_Field,auto_combat_cancel_ESC_field,"SCREEN_XMIN, SCREEN_YMIN, SCREEN_XMAX, SCREEN_YMAX, str_hotkey_ESC__ovr090[0], ST_UNDEFINED",
MoM/src/Combat.c,1727,Combat_Screen__WIP,Add_Button_Field,spell_button_field,"144, 168, str_empty_string__ovr090, _cmbt_spell_button_seg, cnst_HOTKEY_S_3[0], ST_UNDEFINED",
MoM/src/Combat.c,1738,Combat_Screen__WIP,Add_Button_Field,wait_button_field,"170, 168, str_empty_string__ovr090, _cmbt_wait_button_seg, cnst_HOTKEY_W_2[0], ST_UNDEFINED",
MoM/src/Combat.c,1741,Combat_Screen__WIP,Add_Button_Field,done_button_field,"170, 188, str_empty_string__ovr090, _cmbt_done_button_seg, cnst_HOTKEY_D_5[0], ST_UNDEFINED",
MoM/src/Combat.c,1747,Combat_Screen__WIP,Add_Button_Field,info_button_field,"144, 178, str_empty_string__ovr090, _cmbt_info_button_seg, cnst_HOTKEY_U_5[0], ST_UNDEFINED",
MoM/src/Combat.c,1758,Combat_Screen__WIP,Add_Button_Field,auto_button_field,"170, 178, str_empty_string__ovr090, _cmbt_auto_button_seg, cnst_HOTKEY_A_4[0], ST_UNDEFINED",
MoM/src/Combat.c,1761,Combat_Screen__WIP,Add_Button_Field,flee_button_field,"144, 188, str_empty_string__ovr090, _cmbt_flee_button_seg, cnst_HOTKEY_F[0], ST_UNDEFINED",
MoM/src/Combat.c,1765,Combat_Screen__WIP,Add_Hidden_Field,active_unit_window_field,"83, 173, 116, 198, str_empty_string__ovr090[0], ST_UNDEFINED",
MoM/src/Combat.c,1771,Combat_Screen__WIP,Add_Hidden_Field,escape_field,"0, 164, 319, 199, str_hotkey_ESC__ovr090[0], ST_UNDEFINED",
MoM/src/Combat.c,1774,Combat_Screen__WIP,Add_Grid_Field,combat_grid_field,"0, 0, 1, 1, 319, 164, &grid_sx, &grid_sy, ST_UNDEFINED",
MoM/src/Combat.c,1777,Combat_Screen__WIP,Add_Hot_Key,space_hotkey_field,cnst_HOTKEY_SPACE_4[0],
MoM/src/Combat.c,1781,Combat_Screen__WIP,Add_Hot_Key,hotkey_idx_Z,'Z',
MoM/src/Combat.c,1782,Combat_Screen__WIP,Add_Hot_Key,hotkey_idx_T,'T',
MoM/src/Combat.c,5717,Add_Combat_Enchantment_Fields,Add_Picture_Field,attacker_enchantment_fields[itr],"(start_x + (itr * 17)), 179, _combat_enchantments_attacker[(CMB_ATKR_First_CE + itr)].icon_seg, str_empty_string__ovr098[0], _combat_enchantments_attacker[(CMB_ATKR_First_CE + itr)].help_idx",
MoM/src/Combat.c,5738,Add_Combat_Enchantment_Fields,Add_Picture_Field,defender_enchantment_fields[itr],"(start_x + (itr * 17)), 179, _combat_enchantments_defender[(CMB_DEFR_First_CE + itr)].icon_seg, str_empty_string__ovr098[0], _combat_enchantments_defender[(CMB_DEFR_First_CE + itr)].help_idx",
MoM/src/Combat.c,7563,Combat_Information_Window,Add_Hidden_Field,full_screen_ESC_field,"SCREEN_XMIN, SCREEN_YMIN, SCREEN_XMAX, SCREEN_YMAX, cnst_HOTKEY_Esc13[0], ST_UNDEFINED",
MoM/src/Combat.c,13268,Combat_Spellbook_Screen,Add_Hidden_Field,hotkey_esc_fld,"x_start + 159, y_start + 154, x_start + 177, y_start + 183, ST_UNDEFINED, ST_UNDEFINED",
MoM/src/Combat.c,13474,Combat_Spellbook_Screen,Add_Hidden_Field,hotkey_esc_fld,"x_start + 159, y_start + 154, x_start + 177, y_start + 183, ST_UNDEFINED, ST_UNDEFINED",
MoM/src/Combat.c,14457,Combat_Spell_Target_Screen__WIP,Add_Grid_Field,combat_grid_field,"0, 0, 1, 1, 319, 168, &grid_sx, &grid_sy, ST_UNDEFINED",
MoM/src/Combat.c,21385,Combat_Results_Scroll,Add_Hot_Key,Hotkey_R1_Index,cnst_HOTKEY_R,
MoM/src/Combat.c,21386,Combat_Results_Scroll,Add_Hot_Key,Hotkey_R2_Index,cnst_HOTKEY_R_2,
MoM/src/Combat.c,21387,Combat_Results_Scroll,Add_Hidden_Field,hotkey_esc_fld,"0, 0, SCREEN_XMAX, SCREEN_YMAX, cnst_HOTKEY_Esc1A, ST_UNDEFINED",
MoM/src/Combat.c,21435,Combat_Results_Scroll,Add_Hidden_Field,hotkey_esc_fld,"0, 0, SCREEN_XMAX, SCREEN_YMAX, cnst_HOTKEY_Esc1A, ST_UNDEFINED",
MoM/src/Combat.c,23537,Raze_City_Prompt,Add_Button_Field,no_button_fld,"(message_box_x + 101), (message_box_y + message_height + 15), """", confirmation_button_yes_seg, 'N', ST_UNDEFINED",
MoM/src/Combat.c,23538,Raze_City_Prompt,Add_Button_Field,raze_button_fld,"(message_box_x + 18), (message_box_y + message_height + 15), """", confirmation_button_no_seg, 'R', ST_UNDEFINED",
MoM/src/Combat.c,23539,Raze_City_Prompt,Add_Hidden_Field,window_fld,"message_box_x, message_box_y, (message_box_x + 185), (message_box_y + 63), ST_NULL, ST_UNDEFINED",
MoM/src/Combat.c,23540,Raze_City_Prompt,Add_Hidden_Field,hotkey_esc_fld,"0, 0, SCREEN_XMAX, SCREEN_YMAX, '\x1B', ST_UNDEFINED",
MoM/src/HIRE.c,265,Merchant_Popup,Add_Button_Field,merchant_buy_button,"(merchant_popup_x_start + 252), (merchant_popup_y_start + 121), cnst_Merchant_Msg_4, IMG_MerchantBtns, empty_string__ovr127[0], ST_UNDEFINED",
MoM/src/HIRE.c,267,Merchant_Popup,Add_Button_Field,merchant_reject_button,"(merchant_popup_x_start + 252), (merchant_popup_y_start + 140), cnst_Merchant_Msg_5, IMG_MerchantBtns, ST_UNDEFINED, ST_UNDEFINED",
MoM/src/HIRE.c,558,Hire_Hero_Popup,Add_Button_Field,hire_button_field,"(window_x + 221), (window_y + 143), cnst_Hire_Msg_7, red_button_seg, str_hotkey_H__ovr127[0], ST_UNDEFINED",
MoM/src/HIRE.c,565,Hire_Hero_Popup,Add_Button_Field,hire_button_field,"(window_x + 221), (window_y + 143), cnst_Hire_Msg_8, red_button_seg, str_hotkey_A__ovr127[0], ST_UNDEFINED",
MoM/src/HIRE.c,569,Hire_Hero_Popup,Add_Button_Field,reject_button_field,"(window_x + 221), (window_y + 162), cnst_Merchant_Msg_5, red_button_seg, ST_UNDEFINED, ST_UNDEFINED",
MoM/src/HIRE.c,835,Hire_Merc_Popup,Add_Button_Field,hire_button_field,"(window_x + 221), (window_y + 143), cnst_Hire_Msg_7, red_button_seg, empty_string__ovr127[0], ST_UNDEFINED",
MoM/src/HIRE.c,837,Hire_Merc_Popup,Add_Button_Field,reject_button_field,"(window_x + 221), (window_y + 162), cnst_Merchant_Msg_5, red_button_seg, ST_UNDEFINED, ST_UNDEFINED",
MoM/src/INTRO.c,153,Draw_Logos,Add_Hidden_Field,fullscreen_field,"SCREEN_XMIN, SCREEN_YMIN, SCREEN_XMAX, SCREEN_YMAX, str_empty_string__MGC_ovr058[0], ST_UNDEFINED",
MoM/src/INTRO.c,154,Draw_Logos,Add_Hot_Key,hotkey_idx_ESC,str_ESC__MGC_ovr058[0],
MoM/src/ItemMake.c,1004,Item_Make_Screen_Add_Fields,Add_Input_Field,m_itemmake_item_name_field,"30, 13, 118, &GUI_NearMsgString[0], LEN_ITEM_MAKE_NAME, 0, 0, 0, m_itemmake_item_name_input_colors, empty_string__ovr115, ST_UNDEFINED",
MoM/src/ItemMake.c,1014,Item_Make_Screen_Add_Fields,Add_Button_Field,m_itemmake_weapon_fields[itr],"(156 + (33 * (itr % 5))), (3 + (15 * (itr / 5))), empty_string__ovr115, m_itemmake_weapon_highlight_buttons_seg[itr], empty_string__ovr115[0], ST_UNDEFINED",
MoM/src/ItemMake.c,1021,Item_Make_Screen_Add_Fields,Add_Button_Field,m_itemmake_weapon_fields[itr],"(156 + (33 * (itr % 5))), (3 + (15 * (itr / 5))), empty_string__ovr115, m_itemmake_weapon_buttons_seg[itr], empty_string__ovr115[0], ST_UNDEFINED",
MoM/src/ItemMake.c,1027,Item_Make_Screen_Add_Fields,Add_Button_Field,m_itemmake_cost_window_ok_button,"281, 180, empty_string__ovr115, m_itemmake_cost_window_ok_seg, cnst_HOTKEY_Esc18[0], ST_UNDEFINED",
MoM/src/ItemMake.c,1029,Item_Make_Screen_Add_Fields,Add_Button_Field,m_itemmake_icon_window_left_arrow_button,"4, 24, empty_string__ovr115, m_itemmake_icon_window_left_arrow_seg, empty_string__ovr115[0], ST_UNDEFINED",
MoM/src/ItemMake.c,1031,Item_Make_Screen_Add_Fields,Add_Button_Field,m_itemmake_icon_window_right_arrow_button,"17, 24, empty_string__ovr115, m_itemmake_icon_window_right_arrow_seg, empty_string__ovr115[0], ST_UNDEFINED",
MoM/src/ItemMake.c,1089,Item_Make_Screen_Add_Fields,Add_Hidden_Field,m_itemmake_weapon_power_fields[(FullList_LoopVar+itr)],"x_start, (y_start - 2), (x_start + 78),(y_start + 7), empty_string__ovr115[0], ST_UNDEFINED",
MoM/src/ItemMake.c,1097,Item_Make_Screen_Add_Fields,Add_Hidden_Field,m_itemmake_weapon_power_fields[(FullList_LoopVar+itr)],"x_start, (y_start - 2), (x_start + 98),(y_start + 7), empty_string__ovr115[0], ST_UNDEFINED",
MoM/src/ItemMake.c,2012,Item_Make_Screen_Spellbook_Popup,Add_Hidden_Field,bookmark_field,"187, 168, 205, 199, ST_UNDEFINED, ST_UNDEFINED",
MoM/src/ItemScrn.c,253,Item_Screen,Add_Hot_Key,hotkey_idx_ESC,'\x1B',
MoM/src/ItemScrn.c,1122,Item_Screen_Add_Fields,Add_Hidden_Field,m_item_screen_hero_fields[itr_hero_slots],"portrait_x1, portrait_y1, portrait_x2, portrait_y2, cnst_ZeroString_27, ST_UNDEFINED",
MoM/src/ItemScrn.c,1126,Item_Screen_Add_Fields,Add_Hidden_Field,,"(portrait_x1 + 40 + (itr_hero_items * 29)), (portrait_y1 + 16), (portrait_x1 + 40 + 21 + (itr_hero_items * 29)), (portrait_y1 + 16 + 17), cnst_ZeroString_27, ST_UNDEFINED",
MoM/src/ItemScrn.c,1137,Item_Screen_Add_Fields,Add_Hidden_Field,m_item_screen_vault_item_fields[itr_vault_items],"vault_slots_start_x, vault_slots_start_y, (vault_slots_start_x + 19), (vault_slots_start_y + 15), cnst_ZeroString_27, ST_UNDEFINED",
MoM/src/ItemScrn.c,1145,Item_Screen_Add_Fields,Add_Button_Field,m_item_screen_alchemy_button_field,"(_item_window_start_x + ITEM_SCREEN_ALCHEMY_BUTTON_X), (_item_window_start_y + ITEM_SCREEN_ALCHEMY_BUTTON_Y), """", hero_alchemy_button_seg, cnst_HOTKEY_A_3, ST_UNDEFINED",
MoM/src/ItemScrn.c,1146,Item_Screen_Add_Fields,Add_Button_Field,m_item_screen_ok_button_field,"(_item_window_start_x + ITEM_SCREEN_OK_BUTTON_X), (_item_window_start_y + ITEM_SCREEN_OK_BUTTON_Y), """", hero_ok_button_seg, cnst_HOTKEY_O_8, ST_UNDEFINED",
MoM/src/ItemScrn.c,1149,Item_Screen_Add_Fields,Add_Hidden_Field,m_item_screen_anvil_field,"(_item_window_start_x + ITEM_SCREEN_ANVIL_X), (_item_window_start_y + ITEM_SCREEN_ANVIL_Y), (_item_window_start_x + ITEM_SCREEN_ANVIL_X + ITEM_SCREEN_ANVIL_W), (_item_window_start_y + ITEM_SCREEN_ANVIL_Y + ITEM_SCREEN_ANVIL_H), cnst_ZeroString_27, ST_UNDEFINED",
MoM/src/ItemScrn.c,1153,Item_Screen_Add_Fields,Add_Hidden_Field,m_item_screen_window_field,"_item_window_start_x, _item_window_start_y, (_item_window_start_x + ITEM_SCREEN_WIDTH), (_item_window_start_y + ITEM_SCREEN_HEIGHT), cnst_ZeroString_27, ST_UNDEFINED",
MoM/src/ItemScrn.c,1156,Item_Screen_Add_Fields,Add_Hidden_Field,m_item_screen_exit_field,"0, 0, SCREEN_XMAX, SCREEN_YMAX, cnst_ZeroString_27, ST_UNDEFINED",
MoM/src/ItemView.c,82,Item_View_Popup,Add_Hidden_Field,hotkey_ESC,"0, 0, SCREEN_XMAX, SCREEN_YMAX, ST_NULL, ST_UNDEFINED",
MoM/src/ItemView.c,221,Item_Pool_View,Add_Hidden_Field,hotkey_ESC,"0, 0, SCREEN_XMAX, SCREEN_YMAX, '\x1B', ST_UNDEFINED",
MoM/src/LVLMAKE.c,258,while,Add_Hidden_Field,uv_special_desc_fields[itr],"(xmin + 19), (ymin + 5), (xmin + 93), (ymin + 13), str_empty_string__ovr102[0], uv_specials_list_array->helps[itr]",
MoM/src/LVLMAKE.c,282,while,Add_Hidden_Field,hotkey_ESC,"SCREEN_XMIN, SCREEN_YMIN, SCREEN_XMAX, SCREEN_YMAX, str_hotkey_ESC__ovr102[0], ST_UNDEFINED",
MoM/src/Lair.c,1038,Lair_Confirm,Add_Button_Field,yes_button,"(message_box_x + 100), (tmp_text_y2 + 5), cnst_ZeroString_0, confirmation_button_yes_seg, 'Y', -1",
MoM/src/Lair.c,1041,Lair_Confirm,Add_Button_Field,no_button,"(message_box_x + 17), (tmp_text_y2 + 5), cnst_ZeroString_0, confirmation_button_no_seg, 'N', -1",
MoM/src/Lair.c,1044,Lair_Confirm,Add_Hidden_Field,Label_Ctrl_Index,"message_box_x, message_box_y, (message_box_x + 184), (tmp_text_y2 + 28), 0, -1",
MoM/src/Lair.c,1049,Lair_Confirm,Add_Hidden_Field,hotkey_ESC,"SCREEN_XMIN, SCREEN_YMIN, SCREEN_XMAX, SCREEN_YMAX, '\x1B', -1",
MoM/src/LoadScr.c,372,Load_Screen,Add_Hot_Key,hotkey_ESC,cnst_HOTKEY_Esc22,
MoM/src/LoadScr.c,374,Load_Screen,Add_Hidden_Field,loadsave_quit_button,"x_start , y_start, (x_start + 39), (y_start + 13), str_empty_string__ovr160[0], ST_UNDEFINED",
MoM/src/LoadScr.c,375,Load_Screen,Add_Hidden_Field,loadsave_load_button,"(x_start + 40), y_start, (x_start + 78), (y_start + 13), str_empty_string__ovr160[0], ST_UNDEFINED",
MoM/src/LoadScr.c,376,Load_Screen,Add_Hidden_Field,loadsave_save_button,"122 , y_start, 159 , (y_start + 13), str_empty_string__ovr160[0], ST_UNDEFINED",
MoM/src/LoadScr.c,377,Load_Screen,Add_Hidden_Field,loadsave_ok_button,"231 , y_start, 270 , (y_start + 13), str_empty_string__ovr160[0], ST_UNDEFINED",
MoM/src/LoadScr.c,378,Load_Screen,Add_Hidden_Field,loadsave_settings_button,"172 , y_start, 229 , (y_start + 13), str_empty_string__ovr160[0], ST_UNDEFINED",
MoM/src/LoadScr.c,384,Load_Screen,Add_Continuous_String_Input_Field,save_slot_fields[itr_save_slot_fields],"x_start, (47 + (itr_save_slot_fields * 15)), 260, magic_set.Save_Names[itr_save_slot_fields], (LEN_SAVE_DESCRIPTION - 1), ST_TRANSPARENT, selection_marker, ST_UNDEFINED, ST_NULL",
MoM/src/MagicScr.c,540,Magic_Screen,Add_Multi_Hot_Key_Field,multihotkey_RVL,str_RVL,
MoM/src/MagicScr.c,541,Magic_Screen,Add_Multi_Hot_Key_Field,multihotkey_PWR,str_PWR,
MoM/src/MagicScr.c,542,Magic_Screen,Add_Multi_Hot_Key_Field,multihotkey_DESTIN,str_DESTIN,
MoM/src/MagicScr.c,554,Magic_Screen,Add_Hot_Key,hotkey_X,'X',
MoM/src/MagicScr.c,556,Magic_Screen,Add_Hot_Key,hotkey_ESC,'\x1B',
MoM/src/MagicScr.c,645,Magic_Screen,Add_Multi_Hot_Key_Field,multihotkey_RVL,str_RVL,
MoM/src/MagicScr.c,646,Magic_Screen,Add_Multi_Hot_Key_Field,multihotkey_PWR,str_PWR,
MoM/src/MagicScr.c,647,Magic_Screen,Add_Multi_Hot_Key_Field,multihotkey_DESTIN,str_DESTIN,
MoM/src/MagicScr.c,679,Magic_Screen,Add_Multi_Hot_Key_Field,multihotkey_RVL,str_RVL,
MoM/src/MagicScr.c,680,Magic_Screen,Add_Multi_Hot_Key_Field,multihotkey_PWR,str_PWR,
MoM/src/MagicScr.c,681,Magic_Screen,Add_Multi_Hot_Key_Field,multihotkey_DESTIN,str_DESTIN,
MoM/src/MagicScr.c,708,Magic_Screen,Add_Multi_Hot_Key_Field,multihotkey_RVL,str_RVL,
MoM/src/MagicScr.c,709,Magic_Screen,Add_Multi_Hot_Key_Field,multihotkey_PWR,str_PWR,
MoM/src/MagicScr.c,710,Magic_Screen,Add_Multi_Hot_Key_Field,multihotkey_DESTIN,str_DESTIN,
MoM/src/MagicScr.c,1406,Magic_Screen_Add_Fields,Add_Scroll_Field,,"32, 102, 0, 50, 0, 50, 5, 50, &mana_stave_pct_pos, 'M', ST_UNDEFINED",
MoM/src/MagicScr.c,1407,Magic_Screen_Add_Fields,Add_Scroll_Field,,"79, 102, 0, 50, 0, 50, 5, 50, &research_stave_pct_pos, 'R', ST_UNDEFINED",
MoM/src/MagicScr.c,1408,Magic_Screen_Add_Fields,Add_Scroll_Field,,"126, 102, 0, 50, 0, 50, 5, 50, &skill_stave_pct_pos, 'S', ST_UNDEFINED",
MoM/src/MagicScr.c,1410,Magic_Screen_Add_Fields,Add_Button_Field,button_magic_ok,"291, 181, str_empty_string__ovr073, magic_ok_button_seg, 'O', ST_UNDEFINED",
MoM/src/MagicScr.c,1411,Magic_Screen_Add_Fields,Add_Button_Field,button_magic_alchemy,"232, 181, str_empty_string__ovr073, magic_alchemy_button_seg, 'A', ST_UNDEFINED",
MoM/src/MagicScr.c,1413,Magic_Screen_Add_Fields,Add_Hidden_Field,magic_mana_staff_locked,"28, 82, 41, 101, 0, ST_UNDEFINED",
MoM/src/MagicScr.c,1414,Magic_Screen_Add_Fields,Add_Hidden_Field,magic_research_staff_locked,"75, 82, 88, 101, 0, ST_UNDEFINED",
MoM/src/MagicScr.c,1415,Magic_Screen_Add_Fields,Add_Hidden_Field,magic_skill_staff_locked,"122, 82, 135, 101, 0, ST_UNDEFINED",
MoM/src/MagicScr.c,1421,Magic_Screen_Add_Fields,Add_Hidden_Field,magic_gem_fields[itr_gem_count],"x1, y1, (x1 + 30), (y1 + 32), str_empty_string__ovr073[0], ST_UNDEFINED",
MoM/src/MagicScr.c,1432,Magic_Screen_Add_Fields,Add_Hidden_Field,magic_ovl_ench_flds[itr_ovl_ench_cnt],"x1, (y1 + (10 * itr_ovl_ench_cnt)), (x1 + 120), (y1 + 9 + (10 * itr_ovl_ench_cnt)), str_empty_string__ovr073[0], ST_UNDEFINED",
MoM/src/MagicScr.c,1441,Magic_Screen_Add_Fields,Add_Hidden_Field,magic_ovl_ench_flds[itr_ovl_ench_list_cnt],"(x1 + (70 * (itr_ovl_ench_list_cnt % 2))), (y1 + (9 * (itr_ovl_ench_list_cnt / 2))), (63 + (x1 + (70 * (itr_ovl_ench_list_cnt % 2)))), (6 + (y1 + (9 * (itr_ovl_ench_list_cnt / 2)))), str_empty_string__ovr073[0], ST_UNDEFINED",
MoM/src/MagicScr.c,1448,Magic_Screen_Add_Fields,Add_Hidden_Field,magic_ovl_ench_list_down,"286, 163, 307, 169, str_empty_string__ovr073[0], ST_UNDEFINED",
MoM/src/MagicScr.c,1666,Alchemy_Popup,Add_Hot_Key,hotkey_ESC,cnst_HOTKEY_Esc7,
MoM/src/MagicScr.c,1840,Alchemy_Popup_Add_Fields,Add_Scroll_Field,,"(m_alchemy_popup_start_x + 50), (m_alchemy_popup_start_y + 25), 0, 55, 3, 53, 55, 7, &m_alchemy_arrowbar_pos, cnst_HOTKEY_A_2[0], ST_UNDEFINED",
MoM/src/MagicScr.c,1842,Alchemy_Popup_Add_Fields,Add_Button_Field,m_alchemy_cancel_button_field,"(m_alchemy_popup_start_x + 13), (m_alchemy_popup_start_y + 39), str_empty_string__ovr073, m_alchemy_cancel_button_seg, cnst_HOTKEY_C_5, ST_UNDEFINED",
MoM/src/MagicScr.c,1844,Alchemy_Popup_Add_Fields,Add_Button_Field,m_alchemy_ok_button_field,"(m_alchemy_popup_start_x + 96), (m_alchemy_popup_start_y + 39), str_empty_string__ovr073, m_alchemy_ok_button_seg, cnst_HOTKEY_O_7, ST_UNDEFINED",
MoM/src/MagicScr.c,1848,Alchemy_Popup_Add_Fields,Add_Button_Field,m_alchemy_arrow_button_field,"(m_alchemy_popup_start_x + 66), (m_alchemy_popup_start_y + 39), str_empty_string__ovr073, m_alchemy_left_arrow_button_seg, cnst_HOTKEY_SPACE[0], ST_UNDEFINED",
MoM/src/MagicScr.c,1852,Alchemy_Popup_Add_Fields,Add_Button_Field,m_alchemy_arrow_button_field,"(m_alchemy_popup_start_x + 66), (m_alchemy_popup_start_y + 39), str_empty_string__ovr073, m_alchemy_right_arrow_button_seg, cnst_HOTKEY_SPACE[0], ST_UNDEFINED",
MoM/src/MagicScr.c,1856,Alchemy_Popup_Add_Fields,Add_Hidden_Field,m_alchemy_popup_window_field,"m_alchemy_popup_start_x, m_alchemy_popup_start_y, (m_alchemy_popup_start_x + 157), (m_alchemy_popup_start_y + 65), str_empty_string__ovr073[0], ST_UNDEFINED",
MoM/src/MagicScr.c,1859,Alchemy_Popup_Add_Fields,Add_Hidden_Field,m_alchemy_popup_exit_field,"0, 0, SCREEN_XMAX, SCREEN_YMAX, str_empty_string__ovr073[0], ST_UNDEFINED",
MoM/src/MainMenu.c,233,Main_Menu_Add_Fields,Add_Hot_Key,_continue_hotkey,'C',
MoM/src/MainMenu.c,234,Main_Menu_Add_Fields,Add_Hot_Key,_load_hotkey,'L',
MoM/src/MainMenu.c,235,Main_Menu_Add_Fields,Add_Hot_Key,_new_hotkey,'N',
MoM/src/MainMenu.c,236,Main_Menu_Add_Fields,Add_Hot_Key,_hof_hotkey,'H',
MoM/src/MainMenu.c,237,Main_Menu_Add_Fields,Add_Hot_Key,_quit_hotkey,'Q',
MoM/src/MainMenu.c,238,Main_Menu_Add_Fields,Add_Hot_Key,_esc_hotkey,'\x1B',
MoM/src/MainMenu.c,388,Main_Menu_Screen,Add_Hidden_Field,_load_button,"108, 150, 211, 161, 0, ST_UNDEFINED",
MoM/src/MainMenu.c,402,Main_Menu_Screen,Add_Hidden_Field,_continue_button,"108, (138 + (12 * menu_shift)), 211, (149 + (12 * menu_shift)), 0, ST_UNDEFINED",
MoM/src/MainMenu.c,410,Main_Menu_Screen,Add_Hidden_Field,_new_button,"108, 162, 211, 173, 0, ST_UNDEFINED",
MoM/src/MainMenu.c,417,Main_Menu_Screen,Add_Hidden_Field,_hof_button,"108, 174, 211, 185, 0, ST_UNDEFINED",
MoM/src/MainMenu.c,424,Main_Menu_Screen,Add_Hidden_Field,_quit_button,"108, 186, 211, 199, 0, ST_UNDEFINED",
MoM/src/MainMenu.c,434,Main_Menu_Screen,Add_Hot_Key,_continue_hotkey,'C',
MoM/src/MainMenu.c,438,Main_Menu_Screen,Add_Hot_Key,_load_hotkey,'L',
MoM/src/MainMenu.c,439,Main_Menu_Screen,Add_Hot_Key,_new_hotkey,'N',
MoM/src/MainMenu.c,440,Main_Menu_Screen,Add_Hot_Key,_hof_hotkey,'H',
MoM/src/MainMenu.c,441,Main_Menu_Screen,Add_Hot_Key,_quit_hotkey,'Q',
MoM/src/MainMenu.c,442,Main_Menu_Screen,Add_Hot_Key,_esc_hotkey,27,
MoM/src/MainMenu.c,444,Main_Menu_Screen,Add_Hot_Key,hotkey_idx_Z,'Z',
MoM/src/MainMenu.c,445,Main_Menu_Screen,Add_Hot_Key,hotkey_idx_T,'T',
MoM/src/MainScr.c,939,Main_Screen,Add_Hot_Key,hotkey_idx_X,'X',
MoM/src/MainScr.c,944,Main_Screen,Add_Hot_Key,hotkey_idx_C,'C',
MoM/src/MainScr.c,948,Main_Screen,Add_Hot_Key,hotkey_idx_Q,'Q',
MoM/src/MainScr.c,949,Main_Screen,Add_Hot_Key,hotkey_idx_U,'U',
MoM/src/MainScr.c,957,Main_Screen,Add_Hot_Key,hotkey_idx_LeftUp,ST_KEY_LEFTUP,
MoM/src/MainScr.c,958,Main_Screen,Add_Hot_Key,hotkey_idx_Up,ST_KEY_UP,
MoM/src/MainScr.c,959,Main_Screen,Add_Hot_Key,hotkey_idx_RightUp,ST_KEY_RIGHTUP,
MoM/src/MainScr.c,960,Main_Screen,Add_Hot_Key,hotkey_idx_Left,ST_KEY_LEFT,
MoM/src/MainScr.c,961,Main_Screen,Add_Hot_Key,hotkey_idx_Right,ST_KEY_RIGHT,
MoM/src/MainScr.c,962,Main_Screen,Add_Hot_Key,hotkey_idx_LeftDown,ST_KEY_LEFTDOWN,
MoM/src/MainScr.c,963,Main_Screen,Add_Hot_Key,hotkey_idx_Down,ST_KEY_DOWN,
MoM/src/MainScr.c,964,Main_Screen,Add_Hot_Key,hotkey_idx_RightDown,ST_KEY_RIGHTDOWN,
MoM/src/MainScr.c,966,Main_Screen,Add_Hot_Key,hotkey_idx_F10,ST_KEY_F10,
MoM/src/MainScr.c,967,Main_Screen,Add_Hot_Key,hotkey_idx_F1,ST_KEY_F1,
MoM/src/MainScr.c,968,Main_Screen,Add_Hot_Key,hotkey_idx_F2,ST_KEY_F2,
MoM/src/MainScr.c,969,Main_Screen,Add_Hot_Key,hotkey_idx_F3,ST_KEY_F3,
MoM/src/MainScr.c,970,Main_Screen,Add_Hot_Key,hotkey_idx_F4,ST_KEY_F4,
MoM/src/MainScr.c,971,Main_Screen,Add_Hot_Key,hotkey_idx_F5,ST_KEY_F5,
MoM/src/MainScr.c,972,Main_Screen,Add_Hot_Key,hotkey_idx_F6,ST_KEY_F6,
MoM/src/MainScr.c,973,Main_Screen,Add_Hot_Key,hotkey_idx_F7,ST_KEY_F7,
MoM/src/MainScr.c,974,Main_Screen,Add_Hot_Key,hotkey_idx_F8,ST_KEY_F8,
MoM/src/MainScr.c,975,Main_Screen,Add_Hot_Key,hotkey_idx_F9,ST_KEY_F9,
MoM/src/MainScr.c,976,Main_Screen,Add_Multi_Hot_Key_Field,hotkey_idx_Alt_K,"""K""",
MoM/src/MainScr.c,977,Main_Screen,Add_Multi_Hot_Key_Field,hotkey_idx_Alt_A,"""A""",
MoM/src/MainScr.c,979,Main_Screen,Add_Hot_Key,hotkey_idx_Z,'Z',
MoM/src/MainScr.c,980,Main_Screen,Add_Hot_Key,hotkey_idx_T,'T',
MoM/src/MainScr.c,2009,Main_Screen_Add_Fields,Add_Hidden_Field,_next_turn_button,"248, 175, 313, 199, 'N', ST_UNDEFINED",
MoM/src/MainScr.c,2015,Main_Screen_Add_Fields,Add_Grid_Field,_main_map_grid_field,"MAP_SCREEN_X, MAP_SCREEN_Y, SQUARE_WIDTH, SQUARE_HEIGHT, MAP_WIDTH, MAP_HEIGHT, &_main_map_grid_x, &_main_map_grid_y, ST_UNDEFINED",
MoM/src/MainScr.c,2020,Main_Screen_Add_Fields,Add_Grid_Field,_minimap_grid_field,"REDUCED_MAP_SCREEN_X, REDUCED_MAP_SCREEN_Y, REDUCED_MAP_SQUARE_WIDTH, REDUCED_MAP_SQUARE_HEIGHT, REDUCED_MAP_WIDTH, REDUCED_MAP_HEIGHT, &_minimap_grid_x, &_minimap_grid_y, ST_UNDEFINED",
MoM/src/MainScr.c,2034,Add_Unit_Action_Fields,Add_Button_Field,_done_button,"246, 176, """", main_done_button, 'D', ST_UNDEFINED",
MoM/src/MainScr.c,2035,Add_Unit_Action_Fields,Add_Button_Field,_patrol_button,"280, 176, """", main_patrol_button, 0, ST_UNDEFINED",
MoM/src/MainScr.c,2036,Add_Unit_Action_Fields,Add_Button_Field,_wait_button,"246, 186, """", main_wait_button, 'W', ST_UNDEFINED",
MoM/src/MainScr.c,2043,Add_Unit_Action_Fields,Add_Button_Field,_special_button,"280, 186, """", main_purify_button, 0, ST_UNDEFINED",
MoM/src/MainScr.c,2047,Add_Unit_Action_Fields,Add_Button_Field,_special_button,"280, 186, """", main_meld_button, 0, ST_UNDEFINED",
MoM/src/MainScr.c,2051,Add_Unit_Action_Fields,Add_Button_Field,_special_button,"280, 186, """", main_build_button, 'B', ST_UNDEFINED",
MoM/src/MainScr.c,2064,Add_Unit_Action_Fields,Add_Button_Field,_wait_button,"246, 186, """", main_wait_button, 'W', ST_UNDEFINED",
MoM/src/MainScr.c,2147,Add_Game_Button_Fields,Add_Button_Field,_game_button,"7, 4, empty_string__ovr057, main_game_button, hotkey_GameButton[0], ST_UNDEFINED",
MoM/src/MainScr.c,2148,Add_Game_Button_Fields,Add_Button_Field,_spells_button,"47, 4, empty_string__ovr057, main_spells_button, hotkey_SpellsButton[0], ST_UNDEFINED",
MoM/src/MainScr.c,2149,Add_Game_Button_Fields,Add_Button_Field,_armies_button,"89, 4, empty_string__ovr057, main_armies_button, hotkey_ArmiesButton[0], ST_UNDEFINED",
MoM/src/MainScr.c,2150,Add_Game_Button_Fields,Add_Button_Field,_cities_button,"140, 4, empty_string__ovr057, main_cities_button, empty_string__ovr057[0], ST_UNDEFINED",
MoM/src/MainScr.c,2151,Add_Game_Button_Fields,Add_Button_Field,_magic_button,"184, 4, empty_string__ovr057, main_magic_button, hotkey_MagicButton[0], ST_UNDEFINED",
MoM/src/MainScr.c,2152,Add_Game_Button_Fields,Add_Button_Field,_info_button,"226, 4, empty_string__ovr057, main_info_button, hotkey_InfoButton[0], ST_UNDEFINED",
MoM/src/MainScr.c,2153,Add_Game_Button_Fields,Add_Button_Field,_plane_button,"270, 4, empty_string__ovr057, main_plane_button, hotkey_PlaneButton[0], ST_UNDEFINED",
MoM/src/MainScr.c,2195,Add_Unit_Window_Fields,Add_Hidden_Field,g_unit_window_fields[itr_stack],"(x1 - 1), (y1 - 1), (x2 - 2), (y2 - 2), 0, ST_UNDEFINED",
MoM/src/NewGame.c,1762,Newgame_Screen_0,Add_Button_Field,_ok_button,"252, 179, &empty_string__ovr050[0], newgame_ok_button_seg, empty_string__ovr050[0], ST_UNDEFINED",
MoM/src/NewGame.c,1764,Newgame_Screen_0,Add_Button_Field,_quit_button,"171, 179, &empty_string__ovr050[0], _quit_active_seg, str_ESC__ovr050[0], ST_UNDEFINED",
MoM/src/NewGame.c,1766,Newgame_Screen_0,Add_Hidden_Field,newgame_difficulty_button_field,"250, 38, 315, 54, empty_string__ovr050[0], ST_UNDEFINED",
MoM/src/NewGame.c,1768,Newgame_Screen_0,Add_Hidden_Field,newgame_opponents_button_field,"250, 65, 315, 81, empty_string__ovr050[0], ST_UNDEFINED",
MoM/src/NewGame.c,1770,Newgame_Screen_0,Add_Hidden_Field,newgame_landsize_button_field,"250, 92, 315, 108, empty_string__ovr050[0], ST_UNDEFINED",
MoM/src/NewGame.c,1772,Newgame_Screen_0,Add_Hidden_Field,newgame_magic_button_field,"250, 119, 315, 135, empty_string__ovr050[0], ST_UNDEFINED",
MoM/src/NewGame.c,3925,Newgame_Screen_4__WIP,Add_Hidden_Field,_ok_button,"251, 181, 282, 196, empty_string__ovr050[0], ST_UNDEFINED",
MoM/src/NewGame.c,3941,Newgame_Screen_4__WIP,Add_Scroll_Field,m_newgame_fields[0],"190, 47, 0, 96, 0, 95, 96, 22, &m_bookshelf_life, empty_string__ovr050[0], ST_UNDEFINED",
MoM/src/NewGame.c,3942,Newgame_Screen_4__WIP,Add_Scroll_Field,m_newgame_fields[1],"190, 73, 0, 96, 0, 95, 96, 22, &m_bookshelf_death, empty_string__ovr050[0], ST_UNDEFINED",
MoM/src/NewGame.c,3943,Newgame_Screen_4__WIP,Add_Scroll_Field,m_newgame_fields[2],"190, 99, 0, 96, 0, 95, 96, 22, &m_bookshelf_chaos, empty_string__ovr050[0], ST_UNDEFINED",
MoM/src/NewGame.c,3944,Newgame_Screen_4__WIP,Add_Scroll_Field,m_newgame_fields[3],"190, 125, 0, 96, 0, 95, 96, 22, &m_bookshelf_nature, empty_string__ovr050[0], ST_UNDEFINED",
MoM/src/NewGame.c,3945,Newgame_Screen_4__WIP,Add_Scroll_Field,m_newgame_fields[4],"190, 151, 0, 96, 0, 95, 96, 22, &m_bookshelf_sorcery, empty_string__ovr050[0], ST_UNDEFINED",
MoM/src/NewGame.c,3949,Newgame_Screen_4__WIP,Add_Hidden_Field,wsa_picklist_fields[(0+itr)],"164, (5 + (itr * 7)), 202, (10 + (itr * 7)), empty_string__ovr050[0], ST_UNDEFINED",
MoM/src/NewGame.c,3950,Newgame_Screen_4__WIP,Add_Hidden_Field,wsa_picklist_fields[(6+itr)],"203, (5 + (itr * 7)), 252, (10 + (itr * 7)), empty_string__ovr050[0], ST_UNDEFINED",
MoM/src/NewGame.c,3951,Newgame_Screen_4__WIP,Add_Hidden_Field,wsa_picklist_fields[(12+itr)],"253, (5 + (itr * 7)), 319, (10 + (itr * 7)), empty_string__ovr050[0], ST_UNDEFINED",
MoM/src/NewGame.c,4848,Newgame_Screen_5,Add_Hot_Key,_quit_button,str_ESC__ovr050[0],
MoM/src/NewGame.c,4850,Newgame_Screen_5,Add_Hidden_Field,_ok_button,"251, 181, 282, 196, empty_string__ovr050[0], ST_UNDEFINED",
MoM/src/Outpost.c,280,Outpost_Screen,Add_Hidden_Field,g_unit_window_fields[itr],"x1, y1, x2, y2, emptystring__ovr077[0], ST_UNDEFINED",
MoM/src/Outpost.c,286,Outpost_Screen,Add_Hidden_Field,full_screen_ESC_field,"SCREEN_XMIN, SCREEN_YMIN, SCREEN_XMAX, SCREEN_YMAX, str_ESC__ovr077[0], ST_UNDEFINED",
MoM/src/ProdScr.c,272,Production_Screen,Add_Hot_Key,hotkey_idx_ESC,'\x1B',
MoM/src/ProdScr.c,469,Production_Screen_Add_Fields,Add_Hidden_Field,product_fields[itr],"x1, y1, x2, y2, 0, ST_UNDEFINED",
MoM/src/ProdScr.c,491,Production_Screen_Add_Fields,Add_Button_Field,production_screen_cancel_button,"(popup_base_x + 99), (popup_base_y + 181), ""Cancel"", red_button_seg, 'C', ST_UNDEFINED",
MoM/src/ProdScr.c,495,Production_Screen_Add_Fields,Add_Button_Field,production_screen_ok_button,"(popup_base_x + 172), (popup_base_y + 181), ""OK"", red_button_seg, 'O', ST_UNDEFINED",
MoM/src/REPORT.c,508,Chancellor_Screen__WIP,Add_Hidden_Field,hotkey_U,"28, 9, 288, 25, str_hotkey_U__ovr126[0], ST_UNDEFINED",
MoM/src/REPORT.c,510,Chancellor_Screen__WIP,Add_Hidden_Field,hotkey_D,"28, 170, 288, 190, str_hotkey_D__ovr126[0], ST_UNDEFINED",
MoM/src/REPORT.c,522,Chancellor_Screen__WIP,Add_Hidden_Field,full_screen_ESC_field,"SCREEN_XMIN, SCREEN_YMIN, SCREEN_XMAX, SCREEN_YMAX, str_hotkey_ESC__ovr126[0], ST_UNDEFINED",
MoM/src/Roads.c,333,Road_Build_Screen_Add_Fields,Add_Grid_Field,_main_map_grid_field,"MAP_SCREEN_X, MAP_SCREEN_Y, SQUARE_WIDTH, SQUARE_HEIGHT, MAP_WIDTH, MAP_HEIGHT, &_main_map_grid_x, &_main_map_grid_y, ST_UNDEFINED",
MoM/src/Roads.c,342,Road_Build_Screen_Add_Fields,Add_Grid_Field,_minimap_grid_field,"REDUCED_MAP_SCREEN_X, REDUCED_MAP_SCREEN_Y, REDUCED_MAP_SQUARE_WIDTH, REDUCED_MAP_SQUARE_HEIGHT, REDUCED_MAP_WIDTH, REDUCED_MAP_HEIGHT, &_minimap_grid_x, &_minimap_grid_y, ST_UNDEFINED",
MoM/src/Roads.c,345,Road_Build_Screen_Add_Fields,Add_Button_Field,main_cancel_button_field,"280, 181, str_empty_string__ovr069, cast_cancel_button, str_hotkey_C__ovr069[0], ST_UNDEFINED",
MoM/src/Roads.c,347,Road_Build_Screen_Add_Fields,Add_Button_Field,roadbuild_ok_button_field,"246, 181, str_empty_string__ovr069, road_ok_button, str_hotkey_O__ovr069[0], ST_UNDEFINED",
MoM/src/SBookScr.c,212,Spellbook_Screen,Add_Hidden_Field,spellbook_pages[(itr_spellbook_page_fields+0)],"(x_start + 16), (y_start + (itr_spellbook_page_fields * 22) + 17), (x_start + MAX_ITEM_COUNT), (y_start + (itr_spellbook_page_fields * 22) + 34), 0, ST_UNDEFINED",
MoM/src/SBookScr.c,217,Spellbook_Screen,Add_Hidden_Field,spellbook_pages[(itr_spellbook_page_fields+6)],"(x_start + 148), (y_start + (itr_spellbook_page_fields * 22) + 17), (x_start + 268), (y_start + (itr_spellbook_page_fields * 22) + 34), 0, ST_UNDEFINED",
MoM/src/SBookScr.c,220,Spellbook_Screen,Add_Hidden_Field,hotkey_ESC,"x_start + 159, y_start + 154, x_start + 177, y_start + 183, ST_UNDEFINED, ST_UNDEFINED",
MoM/src/SBookScr.c,221,Spellbook_Screen,Add_Hidden_Field,hotkey_F,"x_start + 259, y_start + 2, x_start + 272, y_start + 15, 'F', ST_UNDEFINED",
MoM/src/SBookScr.c,222,Spellbook_Screen,Add_Hidden_Field,hotkey_B,"x_start + 13, y_start + 2, x_start + 26, y_start + 14, 'B', ST_UNDEFINED",
MoM/src/SBookScr.c,405,Spellbook_Screen,Add_Hidden_Field,spellbook_pages[(0+itr_spellbook_page_fields)],"(x_start + 16), (y_start + (itr_spellbook_page_fields * 22) + 17), (x_start + MAX_ITEM_COUNT), (y_start + (itr_spellbook_page_fields * 22) + 34), 0, ST_UNDEFINED",
MoM/src/SBookScr.c,409,Spellbook_Screen,Add_Hidden_Field,spellbook_pages[(6+itr_spellbook_page_fields)],"(x_start + 148), (y_start + (itr_spellbook_page_fields * 22) + 17), (x_start + 268), (y_start + (itr_spellbook_page_fields * 22) + 34), 0, ST_UNDEFINED",
MoM/src/SBookScr.c,411,Spellbook_Screen,Add_Hidden_Field,hotkey_ESC,"x_start + 159, y_start + 154, x_start + 177, y_start + 183, '\x1B', ST_UNDEFINED",
MoM/src/SBookScr.c,412,Spellbook_Screen,Add_Hidden_Field,hotkey_F,"x_start + 259, y_start + 2, x_start + 272, y_start + 15, 'F', ST_UNDEFINED",
MoM/src/SBookScr.c,413,Spellbook_Screen,Add_Hidden_Field,hotkey_B,"x_start + 13, y_start + 2, x_start + 26, y_start + 14, 'B', ST_UNDEFINED",
MoM/src/SCORE.c,220,Hall_Of_Fame_Screen,Add_Hidden_Field,full_screen_ESC_field,"SCREEN_XMIN, SCREEN_YMIN, SCREEN_XMAX, SCREEN_YMAX, str_hotkey_ESC__ovr106, ST_UNDEFINED",
MoM/src/SCastScr.c,794,Spell_Casting_Screen_Add_Fields,Add_Grid_Field,_main_map_grid_field,"MAP_SCREEN_X, MAP_SCREEN_Y, SQUARE_WIDTH, SQUARE_HEIGHT, MAP_WIDTH, MAP_HEIGHT, &_main_map_grid_x, &_main_map_grid_y, ST_UNDEFINED",
MoM/src/SCastScr.c,803,Spell_Casting_Screen_Add_Fields,Add_Grid_Field,_minimap_grid_field,"REDUCED_MAP_SCREEN_X, REDUCED_MAP_SCREEN_Y, REDUCED_MAP_SQUARE_WIDTH, REDUCED_MAP_SQUARE_HEIGHT, REDUCED_MAP_WIDTH, REDUCED_MAP_HEIGHT, &_minimap_grid_x, &_minimap_grid_y, ST_UNDEFINED",
MoM/src/SCastScr.c,806,Spell_Casting_Screen_Add_Fields,Add_Button_Field,_osc_cancel_button_field,"263, 181, str_empty_string__ovr070, cast_cancel_button, str_hotkey_C__ovr070[0], ST_UNDEFINED",
MoM/src/SPLMASTR.c,2038,SoM_Started__STUB,Add_Hidden_Field,full_screen_ESC_field,"SCREEN_XMIN, SCREEN_YMIN, SCREEN_XMAX, SCREEN_YMAX, str_hotkey_ESC__ovr138[0], ST_UNDEFINED",
MoM/src/Settings.c,295,Settings_Screen,Add_Hot_Key,hotkey_ESC,str_hotkey_ESC__ovr125[0],
MoM/src/Settings.c,297,Settings_Screen,Add_Hidden_Field,loadsave_ok_button,"265, 175, 306, 189, str_hotkey_O__ovr125[0], ST_UNDEFINED",
MoM/src/Settings.c,307,Settings_Screen,Add_Hidden_Field,Option_Control_Indices[itr],"31, Local_Settings_Tops[row], 175, (Local_Settings_Tops[row] + 9), str_empty_string__ovr125[0], ST_UNDEFINED",
MoM/src/Settings.c,311,Settings_Screen,Add_Hidden_Field,Option_Control_Indices[8],"31, Local_Settings_Tops[11], 175, (Local_Settings_Tops[11] + 9), str_empty_string__ovr125[0], ST_UNDEFINED",
MoM/src/Settings.c,314,Settings_Screen,Add_Hidden_Field,Option_Control_Indices[9],"31, Local_Settings_Tops[12], 175, (Local_Settings_Tops[12] + 9), str_empty_string__ovr125[0], ST_UNDEFINED",
MoM/src/Settings.c,327,Settings_Screen,Add_Hidden_Field,Option_Control_Indices[(10+itr)],"192, Local_Settings_Tops[row], 310, (Local_Settings_Tops[row] + 9), str_empty_string__ovr125[0], ST_UNDEFINED",
MoM/src/Settings.c,331,Settings_Screen,Add_Hidden_Field,Option_Control_Indices[18],"192, 74, 310, (9 + 74), str_empty_string__ovr125[0], ST_UNDEFINED",
MoM/src/Spellbook.c,2532,Learn_Spell_Animation,Add_Hidden_Field,spellbook_page,"SCREEN_XMIN, SCREEN_YMIN, SCREEN_XMAX, SCREEN_YMAX, str_empty_string__ovr118[0], ST_UNDEFINED",
MoM/src/Spellbook.c,2730,Learn_Spell_Animation,Add_Hidden_Field,Minus1_Hotkey_Ctrl_Index,"SCREEN_XMIN, SCREEN_YMIN, SCREEN_XMAX, SCREEN_YMAX, ST_UNDEFINED, ST_UNDEFINED",
MoM/src/Spellbook.c,3112,Apprentice_Screen__WIP,Add_Hidden_Field,dogear_left_field,"15, 7, 30, 22, str_empty_string__ovr118[0], ST_UNDEFINED",
MoM/src/Spellbook.c,3114,Apprentice_Screen__WIP,Add_Hidden_Field,dogear_right_field,"290, 7, 305, 22, str_empty_string__ovr118[0], ST_UNDEFINED",
MoM/src/Spellbook.c,3116,Apprentice_Screen__WIP,Add_Hidden_Field,full_screen_ESC_field,"SCREEN_XMIN, 25, SCREEN_XMAX, SCREEN_YMAX, str_hotkey_ESC__ovr118[0], ST_UNDEFINED",
MoM/src/Spellbook.c,3606,Spell_Research_Select,Add_Hidden_Field,Spell_GUI_Controls[itr],"Left_X, Top_Y, (Left_X + 110), (Top_Y + 33), str_empty_string__ovr118[0], ST_UNDEFINED",
MoM/src/Spells133.c,1452,Vortex_Move_Screen,Add_Grid_Field,combat_grid_field,"0, 0, 1, 1, 319, 168, &grid_sx, &grid_sy, ST_UNDEFINED",
MoM/src/Spells137.c,524,IDK_SummonAnim,Add_Hidden_Field,full_screen_field,"SCREEN_XMIN, SCREEN_YMIN, SCREEN_XMAX, SCREEN_YMAX, empty_string__ovr137[0], ST_UNDEFINED",
MoM/src/Spells137.c,1330,WIZ_GlobalSpellAnim,Add_Hidden_Field,fullscreen_ESC_field,"SCREEN_XMIN, SCREEN_YMIN, SCREEN_XMAX, SCREEN_YMAX, empty_string__ovr137[0], ST_UNDEFINED",
MoM/src/Surveyor.c,299,Surveyor_Screen,Add_Hot_Key,hotkey_ESC_field,str_hotkey_ESC__ovr094[0],
MoM/src/Surveyor.c,381,Surveyor_Screen_Add_Fields,Add_Grid_Field,_main_map_grid_field,"MAP_SCREEN_X, MAP_SCREEN_Y, SQUARE_WIDTH, SQUARE_HEIGHT, MAP_WIDTH, MAP_HEIGHT, &_main_map_grid_x, &_main_map_grid_y, ST_UNDEFINED",
MoM/src/Surveyor.c,390,Surveyor_Screen_Add_Fields,Add_Grid_Field,_minimap_grid_field,"REDUCED_MAP_SCREEN_X, REDUCED_MAP_SCREEN_Y, REDUCED_MAP_SQUARE_WIDTH, REDUCED_MAP_SQUARE_HEIGHT, REDUCED_MAP_WIDTH, REDUCED_MAP_HEIGHT, &_minimap_grid_x, &_minimap_grid_y, ST_UNDEFINED",
MoM/src/Surveyor.c,393,Surveyor_Screen_Add_Fields,Add_Button_Field,main_cancel_button_field,"263, 181, str_empty_string__094, cast_cancel_button, str_hotkey_C__ovr094[0], ST_UNDEFINED",
MoM/src/UnitList.c,244,Unit_List_Window,Add_Hot_Key,hotkey_X,str_hotkey_X__ovr079[0],
MoM/src/UnitList.c,624,Unit_List_Window_Add_Fields,Add_Hidden_Field,ULW_stack_fields[itr_troops],"x1, y1, (x1 + 222), (y1 + 18), str_emptystring__ovr079[0], ST_UNDEFINED",
MoM/src/UnitList.c,628,Unit_List_Window_Add_Fields,Add_Hidden_Field,_ulw_window_field,"m_ulw_start_x, m_ulw_start_y, (m_ulw_start_x + 237), (m_ulw_height + 4), str_emptystring__ovr079[0], ST_UNDEFINED",
MoM/src/UnitList.c,631,Unit_List_Window_Add_Fields,Add_Hidden_Field,_ulw_full_screen_ESC_field,"SCREEN_XMIN, SCREEN_YMIN, SCREEN_XMAX, SCREEN_YMAX, str_hotkey_ESC__ovr079[0], ST_UNDEFINED",
MoM/src/UnitStat.c,442,Unit_Statistics_Popup,Add_Button_Field,unitview_ok_button,"(UV_x_start + 222), (UV_y_start + 162), cnst_Ok_BtnMsg_2, red_button_seg, 'O', -1",
MoM/src/UnitStat.c,449,Unit_Statistics_Popup,Add_Button_Field,unitview_dismiss_button,"(UV_x_start + 222), (UV_y_start + 143), cnst_Dismiss_BtnMsg, red_button_seg, 'D', -1",
MoM/src/UnitStat.c,453,Unit_Statistics_Popup,Add_Hidden_Field,unitview_window,"UV_x_start, UV_y_start, (UV_x_start + 217), (UV_y_start + 184), 0, -1",
MoM/src/UnitStat.c,459,Unit_Statistics_Popup,Add_Hidden_Field,unitview_button_box,"(UV_x_start + 213), (UV_y_start + 133), (UV_x_start + 280), (UV_y_start + 183), 0, -1",
MoM/src/UnitStat.c,463,Unit_Statistics_Popup,Add_Hidden_Field,unitview_full_screen,"SCREEN_XMIN, SCREEN_YMIN, SCREEN_XMAX, SCREEN_YMAX, 0, ST_UNDEFINED",
MoM/src/UnitStat.c,466,Unit_Statistics_Popup,Add_Hot_Key,hotkey_idx_ESC,'\x1B',
MoM/src/UnitStat.c,468,Unit_Statistics_Popup,Add_Hot_Key,hotkey_idx_X,'X',
MoM/src/UnitStat.c,1822,UV_Add_Specials_Fields,Add_Hidden_Field,uv_item_desc_fields[display_index],"(xpos + 19), (ypos + 5), (xpos + 93), (ypos + 13), 0, ST_UNDEFINED",
MoM/src/UnitStat.c,1828,UV_Add_Specials_Fields,Add_Hidden_Field,uv_special_desc_fields[itr],"(xpos + 19), (ypos + 5), (xpos + 93), (ypos + 13), 0, specials_list->helps[(specials_index + itr)]",
MoM/src/UnitStat.c,1914,UV_Add_UpDn_Buttons,Add_Button_Field,unitview_up_button,"xstart, ystart, """", unitview_up_arrow_seg, 'U', ST_UNDEFINED",
MoM/src/UnitStat.c,1915,UV_Add_UpDn_Buttons,Add_Button_Field,unitview_dn_button,"xstart, (ystart + 63), """", unitview_down_arrow_seg, 'D', ST_UNDEFINED",
MoM/src/WIZVIEW.c,215,Mirror_Screen,Add_Hidden_Field,full_screen_ESC_field,"SCREEN_XMIN, SCREEN_YMIN, SCREEN_XMAX, SCREEN_YMAX, str_hotkey_ESC__ovr074[0], ST_UNDEFINED",
MoX/src/Fields.c,1426,Get_List_Field,Add_String_List_Field,,"title_x1, ymin, fill_width, (char *)string_address, active, variable, itr, select_fill_type, sfill1, sfill2, sfill3, sfill4, str_empty_string__seg036, help_entry",
MoX/src/Fields.c,1457,Get_List_Field,Add_String_List_Field,title_field,"title_x1, title_y1, fill_width, title_string, 0, &title_var, 1, 0, 0, 0, 0, 0, str_empty_string__seg036, default_help_entry",
MoX/src/GENDRAW.c,403,Confirmation_Box,Add_Button_Field,confirmation_button_yes,"(message_box_x + 101), (message_box_y + paragraph_height + 15), str_empty_string__ovr149, confirmation_button_yes_seg, str_hotkey_Y__ovr149[0], ST_UNDEFINED",
MoX/src/GENDRAW.c,405,Confirmation_Box,Add_Button_Field,confirmation_button_no,"(message_box_x + 18), (message_box_y + paragraph_height + 15), str_empty_string__ovr149, confirmation_button_no_seg, str_hotkey_N__ovr149[0], ST_UNDEFINED",
MoX/src/GENDRAW.c,407,Confirmation_Box,Add_Hidden_Field,Text_Label_Index,"message_box_x, message_box_y, (message_box_x + 185), (message_box_y + 63), str_empty_string__ovr149[0], ST_UNDEFINED",
MoX/src/GENDRAW.c,409,Confirmation_Box,Add_Hidden_Field,hotkey_ESC,"0, 0, SCREEN_XMAX, SCREEN_YMAX, str_hotkey_ESC__ovr149[0], ST_UNDEFINED",
MoX/src/GENDRAW.c,781,Selection_Box,Add_Hidden_Field,selectbox_fields[itr],"x1, y1, x2, y2, str_empty_string__ovr149[0], ST_UNDEFINED",
MoX/src/GENDRAW.c,790,Selection_Box,Add_Hidden_Field,selectbox_fields[itr],"x1, y1, x2, y2, str_empty_string__ovr149[0], ST_UNDEFINED",
MoX/src/GENDRAW.c,858,Selection_Box,Add_Hidden_Field,selectbox_window,"selectbox_x1, selectbox_y1, selectbox_x2, selectbox_y2, str_empty_string__ovr149[0], ST_UNDEFINED",
MoX/src/GENDRAW.c,860,Selection_Box,Add_Hidden_Field,hotkey_ESC,"SCREEN_XMIN, SCREEN_YMIN, SCREEN_XMAX, SCREEN_YMAX, str_hotkey_ESC__ovr149[0], ST_UNDEFINED",
MoX/src/Input.c,2429,Setup_Input_Box_Popup,Add_Input_Field,input_field_idx,"x_start, y_start, width, string, max_characters, fill_color, justification, cursor_type, &colors[0], str_empty_string__seg036, help",
MoX/src/Util.c,856,UU_DBG_SelectDialog,Add_Hidden_Field,response_1,"120, 130, 200, 145, 0, ST_UNDEFINED",
MoX/src/Util.c,864,UU_DBG_SelectDialog,Add_Hidden_Field,response_2,"120, 150, 200, 165, 0, ST_UNDEFINED",
MoX/src/Util.c,872,UU_DBG_SelectDialog,Add_Hidden_Field,response_3,"120, 170, 200, 185, 0, ST_UNDEFINED",
MoX/src/Util.c,876,UU_DBG_SelectDialog,Add_Hidden_Field,abort_id,"0, 0, 319, 199, 0, ST_UNDEFINED",
